ZipCode,State,County,May5CovidRestrictionsRank,May19CovidRestrictionsRank,CovidRestrictionsCategorical,HitDateByState(June26),Population,NumericalRestriction,DateBeginRestrictions,CovidImpactCategorical,Covid.per.10.000,NumCovidCases(Mid/late June),AreaName,PVI,District,PVI#,NumSocSec65,PropSocSec65,LandSqMi,PopDensity,PopDensityCategorical,MedianAge,MedianHouseholdIncome,MedHouseIncomeCategorical,PercentPoverty,PercentWhite,RaceCategorical,Race,PercentBlack,PercentAsian,PercentHispanic,PercentAmericanIndians,TotalRace,HousingCategorical,RUCA2,2019-05-31,2019-06-30,2019-07-31,2019-08-31,2019-09-30,2019-10-31,2019-11-30,2019-12-31,2020-01-31,2020-02-29,2020-03-31,2020-04-30,2020-05-31,2020-06-30
15068,PA,Westmoreland,47,25,High,Early,37552,38,3/23/2020,Low,15.45,58,Kew Kensington,R+14/D+3,PA-14/18,-5.5,"7,860",0.2093,45.1,832.64,Mid,46.3,52424,Mid,16.1,87.1,White,White,7.6,0,2.1,0,96.8,Low,1,136099,136980,138027,138508,138963,139422,139950,140796,141332,141667,142023,142700,142892,143254
15102,PA,Allegheny,47,25,High,Early,29580,38,3/23/2020,Low,9.47,28,Bethel Park,R+14/D+3,PA-14/18,-5.5,"6,525",0.2206,10.3,2871.84,High,45.7,76197,Mid,5.5,93.4,White,White,0,2,0,0,95.4,Mid,1,216867,218503,220114,220140,220387,221074,222134,223339,224175,224853,225700,226670,226299,226221
15317,PA,Washington,47,25,High,Early,38561,38,3/23/2020,Low,8.82,34,Canonsburg,R+14/R+3,PA-14/17,-8.5,"7,735",0.2006,45.7,843.79,Mid,43.7,86631,Mid,4.4,91.5,White,White,3.5,0,2.1,0,97.1,Mid,1,274095,275205,275676,276074,277033,277750,278333,278771,279007,279458,279814,279431,279172,279289
15642,PA,Westmoreland,47,25,High,Early,44060,38,3/23/2020,Low,7.94,35,Irwin,R+14/D+3,PA-14/18,-5.5,"9,315",0.2114,44.2,996.83,Mid,45.7,72524,Mid,4.9,96.7,White,White,1.1,0,0,0,97.8,Mid,1,215961,216596,217549,218400,218657,219202,219822,220600,221005,221332,221715,222434,223121,223385
15650,PA,Westmoreland,47,25,High,Early,26994,38,3/23/2020,Mid,35.93,97,Latrobe,R+22/R+14,PA-13/14,-18,"6,015",0.2228,74.7,361.37,Mid,44.6,57523,Mid,8.5,95,White,White,0,1.2,0,0,96.2,Low,1,145099,145617,146284,146816,147885,149194,150364,151050,151373,151381,151828,152501,153190,153635
15701,PA,Indiana,47,25,High,Early,34184,38,3/23/2020,Low,8.78,30,Indiana ,R+20,PA-15,-20,"5,475",0.1602,115.3,296.48,Mid,31.4,45353,Low,20.6,88.7,White,White,4.7,2.1,0,0,95.5,Low,4,156281,156804,157374,157940,158540,159044,159377,159535,159573,159657,159893,160197,160505,160733
15717,PA,Indiana,47,25,High,Early,9923,38,3/23/2020,Mid,23.18,23,Blairsville,R+22/R+20,PA-13/15,-21,"2,120",0.2136,95,104.45,Mid,47.1,51915,Mid,12.4,93.9,White,White,2.9,0,0,0,96.8,Low,7.2,109941,110274,110825,111303,111879,112365,112746,112937,113074,113226,113454,113763,114127,114489
17006,PA,Perry,47,25,High,Early,1018,38,3/23/2020,Very Low,1.00,1-4,Blain,R+17,PA-12,-17,170,0.1670,76.9,13.24,Low,35.2,48654,Low,13.5,97.3,White,White,0,0.8,0.9,0,99,Low,10.1,108500,109145,109662,110135,110617,111052,111339,111277,111445,111885,112542,113069,113510,113455
17050,PA,Cumberland,47,25,High,Early,37619,38,3/23/2020,Mid,24.72,93,Mechanicsburg,R+6,PA-10,-6,"7,175",0.1907,32.1,1171.93,High,42.6,87753,Mid,4,81.5,Mostly White,White,0,11.4,3.3,0,96.2,Mid,1,280644,281035,281914,283105,283963,284899,285717,286559,287130,287934,289055,290595,292645,293991
17090,PA,Perry,47,25,High,Early,5662,38,3/23/2020,Low,12.36,7,Shermans Dale,R+6/R+17,PA-10/12,-11.5,925,0.1634,33.8,167.51,Mid,45.1,56391,Mid,8.5,96.6,White,White,1.4,0,1.1,0,99.1,Mid,2,218130,219074,220292,221509,222596,223514,224287,224890,225316,225678,225975,226149,226324,226175
17331,PA,York,47,25,High,Early,51636,38,3/23/2020,Mid,24.60,127,Hanover,R+14,PA-11,-14,"10,140",0.1964,75.8,681.21,Mid,43,62130,Mid,7.3,90.6,White,White,1.9,0,4.9,0,97.4,Low,4.2,185048,185566,186488,187130,187564,188038,188522,189234,189865,190162,190146,190466,190411,190652
17402,PA,York,47,25,High,Early,37476,38,3/23/2020,Mid,45.90,172,York,R+6/R+14,PA-10/11,-10,"6,850",0.1828,19.2,1951.88,High,41.2,65184,Mid,7.2,77,Mostly White,White,8.1,0,7.8,0,92.9,Mid,1,205069,205701,206861,207775,208474,209249,210042,211236,212113,212694,212895,213552,213887,214722
17543,PA,Lancaster,47,25,High,Early,44216,38,3/23/2020,Mid,56.54,250,Lititz,R+14,PA-11,-14,"9,765",0.2208,69.3,638.04,Mid,43.5,73411,Mid,5.3,90.4,White,White,0,2.6,4.2,0,97.2,Mid,1,271090,272218,273342,274119,274932,275934,276382,276753,277090,278107,279714,281047,282152,283355
17776,PA,Lycoming,47,25,High,Early,306,38,3/23/2020,Very Low,1.00,1-4,Waterville,R+17,PA-12,-17,70,0.2288,87.5,3.50,Low,57.1,50000,Mid,8.7,98.8,White,White,0,0,0,0,98.8,Low,2,117715,117533,117346,117775,118008,118076,118022,118289,118737,118746,118942,118817,119285,119217
17846,PA,Columbia,47,25,High,Early,3853,38,3/23/2020,Mid,20.76,8,Millville,R+14,PA-09,-14,770,0.1998,46.4,83.04,Low,45.6,54082,Mid,10.9,96.7,White,White,0,1,0.9,0,98.6,Low,5,181351,181651,181992,182745,183556,184381,184825,185277,185879,186366,186811,187217,187962,188894
17872,PA,Northumberland,47,25,High,Early,9178,38,3/23/2020,Low,19.61,18,Shamokin,R+14/R+17,PA-09/12,-15.5,"1,710",0.1863,40.6,226.06,Mid,43,33860,Very Low,24.8,90.1,White,White,1.7,0,6.5,0,98.3,Very Low,4,28880,28989,29097,29160,29171,29188,29169,29156,29122,29087,29074,29072,29074,29008
18036,PA,Lehigh,47,25,High,Early,13558,38,3/23/2020,High,123.17,167,Coopersburg,D+1,PA-07,1,"2,585",0.1907,29.3,462.73,Mid,47.4,94590,Mid,4.4,93,White,White,0,0,3,0,96,Mid,1,304169,305578,307292,307703,308420,308852,309584,309561,311155,312873,314883,315909,316276,316498
18040,PA,Northampton,47,25,High,Early,16569,38,3/23/2020,Mid,62.77,104,Easton,R+1,PA-08,-1,"3,285",0.1983,16.9,980.41,Mid,44.8,86452,Mid,3.3,75.5,Mostly White,White,9,0,9.3,0,93.8,Mid,1,275765,275776,276343,277048,277996,278425,279099,279805,280323,280836,280972,282372,283787,285826
18102,PA,Lehigh,47,25,High,Early,49583,38,3/23/2020,High,232.94,1155,Allentown,D+1,PA-07,1,"4,075",0.0822,3,16527.67,High,29.4,32265,Very Low,34.5,20.9,Majority Hispanic,Hispanic,11.4,0,63.9,0,96.2,Low,1,98983,100609,101804,102567,103011,103442,104128,104785,105873,106893,108150,108914,109414,109531
18201,PA,Luzerne,47,25,High,Early,27182,38,3/23/2020,High,380.03,1033,Hazleton,R+1/R+14,PA-08/09,-7.5,"3,760",0.1383,21.5,1264.28,High,35.6,41167,Low,22.4,40.7,Majority Hispanic,Hispanic,3.4,0,54.8,0,98.9,Very Low,1,80890,81844,82861,84102,85329,86994,88604,90347,91738,93121,94494,96091,97600,99114
18901,PA,Bucks,47,25,High,Early,27469,38,3/23/2020,High,156.18,429,Doylestown,R+1,PA-01,-1,"5,840",0.2126,20.1,1366.62,High,45.1,98196,Mid,5.6,90.5,White,White,0,2.2,3.8,0,96.5,Mid,1,419130,419442,419728,421272,423100,424678,425941,427001,427440,429099,430007,430818,431571,434049
18940,PA,Bucks,47,25,High,Early,29039,38,3/23/2020,Mid,65.08,189,Newtown,R+1,PA-01,-1,"5,390",0.1856,32.7,888.04,Mid,46.8,123076,High,4,85.9,White,White,2.4,7.5,0,0,95.8,Mid,1,478691,478241,477950,478320,479359,480582,481672,482914,483179,484389,484523,484878,485263,487442
18944,PA,Bucks,47,25,High,Early,25710,38,3/23/2020,Mid,28.39,73,Perkasie,R+1,PA-01,-1,"3,670",0.1427,46.2,556.49,Mid,41.6,87333,Mid,4.8,92.6,White,White,3.3,2.1,0,0,98,Mid,1,335483,334680,334535,335214,336223,337151,337786,338591,339212,340567,341545,342694,343996,346423
18974,PA,Bucks,47,25,High,Early,41173,38,3/23/2020,Mid,65.82,271,Warminster,R+1,PA-01,-1,"10,060",0.2443,19.1,2155.65,High,47.1,78117,Mid,5.3,84.7,Mostly White,White,0,3.4,7.2,0,95.3,Mid,1,330053,330207,330299,331605,332810,334132,335087,336222,336688,337864,338446,339072,340138,342297
19002,PA,Montgomery,47,25,High,Early,32466,38,3/23/2020,Mid,98.87,321,Ambler,D+2,PA-06,2,"5,465",0.1683,20.8,1560.87,High,44.3,105522,High,5.9,79.5,Mostly White,White,6.2,7.9,0,0,93.6,Mid,1,434801,433049,431996,432031,432599,433061,433635,434314,436162,437196,436990,436911,438627,442640
19036,PA,Delaware,47,25,High,Early,12824,38,3/23/2020,Mid,73.30,94,Glenolden,D+13,PA-05,13,"1,810",0.1411,1.5,8549.33,High,41.1,56639,Mid,11.9,85.3,White,White,9.6,0,2.2,0,97.1,Low,1,141021,142019,143197,144183,145218,146355,147114,148002,148493,149407,150517,152208,153547,154926
19038,PA,Montgomery,47,25,High,Early,30940,38,3/23/2020,High,116.03,359,Glandside,D+2,PA-06,2,"4,775",0.1543,7.9,3916.46,High,41.2,92917,Mid,5,77.1,Mostly White,White,13.4,0,3.7,0,94.2,Mid,1,312217,311945,312064,312242,312862,313354,314361,315331,316949,317699,317414,316863,317522,320035
19047,PA,Bucks,47,25,High,Early,35476,38,3/23/2020,High,145.17,515,Langhorne,R+1,PA-01,-1,"6,695",0.1887,17.5,2027.20,High,42.5,93629,Mid,5.4,83.8,Mostly White,White,0,5.8,5,0,94.6,Mid,1,371321,371289,371569,372960,374379,375790,376601,377708,378138,379779,380670,381680,382963,385798
19067,PA,Bucks,47,25,High,Early,51590,38,3/23/2020,Mid,70.36,363,Morrisville,R+1,PA-01,-1,"8,375",0.1623,28.5,1810.18,High,43.3,106495,High,3.7,80.6,Mostly White,White,6.7,5,0,0,92.3,Mid,1,393277,392727,392440,392896,393548,394358,395011,395894,395991,397192,397960,399234,400577,403084
19335,PA,Chester,47,25,High,Early,48857,38,3/23/2020,Mid,55.06,269,Downington,D+2,PA-06,2,"6,345",0.1299,42.5,1149.58,High,40.1,107686,High,4,83.4,Mostly White,White,0,6.4,4.8,0,94.6,Mid,1,363605,364027,365962,367616,368613,369307,369971,370301,370665,370874,371607,373443,375104,375743
19464,PA,Montgomery,47,25,High,Early,46918,38,3/23/2020,Mid,54.14,254,Pottstown,D+7,PA-04,7,"6,710",0.1430,25.4,1847.17,High,38.4,59812,Mid,12.3,74.1,Mostly White,White,14.2,0,5.3,0,93.6,Low,2,171409,171551,171660,172052,172648,173304,174177,174921,176030,176618,176716,176476,176762,177939
19702,DE,New Castle,41,39,High,Mid,55192,41,3/22/2020,Mid,79.50,439?,Newark,D+6,DE-AL,6,"5,520",0.1000,28.3,1950.25,High,34,77164,Mid,8.6,44.5,No Majority,Mixed,29.3,0,12.6,0,86.4,Mid,1,245143,243967,243365,243226,243207,242993,242843,243127,243542,244189,244474,245795,248094,251124
19731,DE,New Castle,41,39,High,Mid,300,41,3/22/2020,,,,Port Penn,D+6,DE-AL,6,50,0.1667,1,300.00,Mid,30.2,40129,Low,53.7,93.3,White,White,0,0,0,0,93.3,Low,2,159028,161155,162419,161819,161115,159675,158707,158245,158467,158931,160067,161141,161961,162630
19807,DE,New Castle,41,39,High,Mid,7075,41,3/22/2020,Mid,59.30,42?,Wilmington,D+6,DE-AL,6,"1,995",0.2820,19.6,360.97,Mid,50.7,120547,High,2.6,84.9,Mostly White,White,0,10,2.2,0,97.1,High,1,782659,775979,770776,768464,766300,762995,759774,756474,754044,751581,748641,749014,754074,760455
19809,DE,New Castle,41,39,High,Mid,15065,41,3/22/2020,Mid,60.10,91?,Wilmington,D+6,DE-AL,6,"2,245",0.1490,7,2152.14,High,37.5,70604,Mid,15.1,63.8,Majority White,White,19.3,6.5,0,0,89.6,Mid,1,235108,234059,233536,233361,233193,232737,232202,231890,231735,231669,231538,232224,233712,235410
19936,DE,Kent,41,39,High,Mid,282,41,3/22/2020,,,,Chesworld,D+6,DE-AL,6,90,0.3191,0.2,1410.00,High,34.4,24600,Very Low,48.9,63.8,Majority White,White,8.5,0,23.8,0,96.1,Low,1,155413,156008,156680,157774,158020,157337,156718,156536,157595,159057,161248,162604,163713,164289
19970,DE,Sussex,41,39,High,Mid,8347,41,3/22/2020,,,,Ocean View,D+6,DE-AL,6,"3,415",0.4091,9.7,860.52,Mid,58.8,70330,Mid,8.3,92.7,White,White,0,0,3.8,0,96.5,Mid,7.4,333403,334705,334284,334613,334692,335219,336097,336838,337823,339171,340493,341574,343904,346936
19971,DE,Sussex,41,39,High,Mid,13216,41,3/22/2020,High,108.70,144?,Rehoboth Beach,D+6,DE-AL,6,"4,750",0.3594,16.5,800.97,Mid,59.1,76663,Mid,5.9,90.7,White,White,3.7,0,3.2,0,97.6,High,4,513195,514699,514382,515329,515631,516823,518016,518937,520642,521698,522747,520886,518514,517625
19973,DE,Sussex,41,39,High,Mid,25134,41,3/22/2020,High,251.50,632?,Seaford,D+6,DE-AL,6,"4,855",0.1932,78.7,319.36,Mid,42.3,52813,Mid,16.1,61.4,Majority White,White,23.7,0,10.7,0,95.8,Mid,4,195798,196593,196323,196114,195806,195662,196206,196895,197615,198066,198539,198538,198963,199615
20136,VA,Prince William,27,33,Mid,Mid,30635,35,3/17/2020,Mid,62.02,190,Bristow,R+8,VA-01,-8,NA,NA,14.7,2084.01,High,34.5,138496,High,2.5,59.3,Majority White,White,12.4,0,13.9,0,85.6,Mid,1,473963,474048,474850,477432,478779,480376,484088,487526,489741,490574,490877,492961,495056,497350
20147,VA,Loudoun,27,33,Mid,Mid,64197,35,3/17/2020,Mid,59.82,384,Ashburn,D+15,VA-11,15,NA,NA,19.9,3225.98,High,35.5,130507,High,4.2,57.3,Majority White,White,0,17.8,12.8,0,87.9,High,1,525777,527044,528158,529201,531876,534046,536732,537422,538666,539463,541040,543186,545467,547661
20148,VA,Loudoun,27,33,Mid,Mid,48110,35,3/17/2020,Mid,38.87,187,Ashburn,D+1,VA-10,1,NA,NA,16.3,2951.53,High,34.7,171343,Very High,2.1,43.9,No Majority,Mixed,7.7,35.4,0,0,87,High,1,625678,627241,628576,629818,633144,635850,639185,639924,641104,641711,643412,646013,648855,651413
20602,MD,Charles,40,30,High,Mid,26078,32,3/16/2020,High,100.08,261,Waldorf,D+16,MD-05,16,"2,215",0.0849,13.8,1889.71,High,35,78315,Mid,8.2,25.1,Majority Black,Black,59.6,0,6.2,0,90.9,Mid,2,272492,272845,272972,273269,273640,273974,273143,273111,273899,275504,276993,278203,279661,280808
20686,MD,Saint Marys,40,30,High,Mid,1471,32,3/16/2020,,,,Saint Marys City,D+16,MD-05,16,75,0.0510,1.1,1337.27,High,20.4,N/A,,N/A,76.7,Mostly White,White,11.1,4.8,0,0,92.6,Mid,4.2,376212,376160,376145,377260,379284,380326,379836,379250,379172,380885,381290,380966,379533,380314
20740,MD,Prince Georges,40,30,High,Mid,31848,32,3/16/2020,High,114.92,366,College Park,D+28,MD-04,28,"2,115",0.0664,8,3981.00,High,26.2,67163,Mid,22.7,43.11,No Majority,Mixed,19.7,0,17.7,0,80.51,Mid,1,333272,332950,332962,333832,335026,335836,335835,335838,337675,339179,341152,341910,343463,345475
20748,MD,Prince Georges,40,30,High,Mid,38011,32,3/16/2020,High,151.01,574,Temple Hills,D+28/D+16,MD-04/05,22,"4,865",0.1280,9.1,4177.03,High,39.9,68933,Mid,9.9,3.9,Black,Black,85.7,0,7.7,0,97.3,Mid,1,281166,281525,282108,283041,284157,285183,285873,285984,286821,287957,289813,291276,292700,293898
20774,MD,Prince Georges,40,30,High,Mid,44154,32,3/16/2020,High,115.73,511,Upper Marlboro,D+28/D+16,MD-04/05,22,"6,070",0.1375,34.7,1272.45,High,42.7,98366,Mid,5.8,3.7,Black,Black,88.4,0,3.1,0,95.2,Mid,1,343228,343479,343879,344552,345397,346179,346472,346391,346896,347502,348595,349656,350497,351310
20852,MD,Montgomery,40,30,High,Mid,46904,32,3/16/2020,Mid,80.38,377,Rockville,D+14,MD-08,14,"5,795",0.1236,8.3,5651.08,High,38.4,95572,Mid,7.2,52.3,Majority White,White,0,18.7,13.7,0,84.7,Mid,1,479934,481267,481704,482239,482692,483814,485062,485522,485034,485119,487256,489639,491175,491645
21043,MD,Howard,40,30,High,Mid,46932,32,3/16/2020,Mid,73.51,345,Ellicott City,D+11/D+13/D+26,MD-02/03/07,16.7,"4,870",0.1038,17,2760.71,High,37.8,118263,High,4.6,52.4,Majority White,White,12.2,27.7,0,0,92.3,Mid,1,479093,479707,479054,477718,477796,477725,477641,478232,478814,479763,480394,479935,479230,478076
21060,MD,Anne Arundel,40,30,High,Mid,34360,32,3/16/2020,High,105.36,362,Glan Burnie,D+11/D+13,NM-02/03,12,"4,425",0.1288,12.5,2748.80,High,38.7,72542,Mid,7.1,66.4,Majority White,White,17.1,0,7.8,0,91.3,Mid,1,281250,281270,280751,279928,280484,281260,281980,282198,282963,283387,284017,284215,284554,285431
21093,MD,Baltimore,40,30,High,Mid,37917,32,3/16/2020,Mid,51.16,194,Lutherville Timonium,D+11/D+13/D+26,MD-02/03/07,16.7,"8,345",0.2201,20.2,1877.08,High,46.6,95643,Mid,3.2,80.4,Mostly White,White,4.1,10.6,0,0,95.1,Mid,1,386593,386131,386376,386251,386135,385811,385112,385027,384318,383683,383490,384036,385177,386404
21104,MD,Carroll,40,30,High,Mid,5300,32,3/16/2020,Mid,28.30,15,Marriottsville,D+26/D+14,MD-07/08,20,"1,100",0.2075,17,311.76,Mid,47.8,147826,High,0.6,83,Mostly White,White,5,8.1,0,0,96.1,High,2,536016,536231,534990,532875,531647,530971,530649,530907,531212,532254,533167,533261,533037,533543
21117,MD,Baltimore,40,30,High,Mid,58673,32,3/16/2020,Mid,88.80,521,Owing Mills,D+11/D+13/D+26,MD-02/03/07,16.7,"6,270",0.1069,32.5,1805.32,High,36.5,83392,Mid,8.5,37.3,No Majority,Mixed,43.5,0,8.1,0,88.9,Mid,1,276229,276346,276779,277089,277041,277024,276799,277079,277079,277122,277405,278044,279128,280133
21146,MD,Anne Arundel,40,30,High,Mid,28006,32,3/16/2020,Mid,34.64,97,Severna Park,D+28,MD-04,28,"4,395",0.1569,10.2,2745.69,High,42.8,138797,High,3.7,88.3,Mostly White,White,3.4,0,3.1,0,94.8,High,1,530270,531001,531388,530816,531935,532857,534356,536091,538919,540785,541880,542245,543035,545043
21208,MD,Baltimore City,40,30,High,Mid,36441,32,3/16/2020,High,119.37,435,Pikesville,D+11/D+13/D+26,MD-02/03/07,16.7,"7,695",0.2112,12.3,2962.68,High,46.5,79800,Mid,8.9,50.9,Majority White,White,40.9,0,3.9,0,95.7,Mid,1,261275,261391,261864,262007,261639,261031,260050,259180,258229,257605,257962,258629,259214,259309
21220,MD,Baltimore,40,30,High,Mid,40211,32,3/16/2020,Mid,97.24,391,Middle River,D+11,MD-02,11,"5,450",0.1355,21.6,1861.62,High,37.9,62681,Mid,11.8,68.7,Majority White,White,20.6,0,3.8,0,93.1,Mid,1,226867,227237,228096,228574,228758,228900,228899,229217,229287,229539,229904,230611,231510,232341
21222,MD,Baltimore,40,30,High,Mid,54873,32,3/16/2020,High,109.71,602,Dundalk,D+11,MD-02,11,"8,045",0.1466,11,4988.45,High,38.8,52339,Mid,14.9,73.9,Mostly White,White,12.6,0,6.4,0,92.9,Low,1,148792,148694,149123,149336,148957,148680,148344,148455,148483,148579,148933,149512,150166,150660
21224,MD,Baltimore City,40,30,High,Mid,50433,32,3/16/2020,High,230.01,1160,Baltimore,D+11/D+13/D+26,MD-02/03/07,16.7,"4,185",0.0830,9.5,5308.74,High,33.1,69615,Mid,18.1,57.3,Majority White,White,16.1,0,19.4,0,92.8,Low,1,185709,185266,185105,185046,184104,183083,182505,182735,183200,182858,182617,182192,182003,181362
21234,MD,Baltimore,40,30,High,Mid,68938,32,3/16/2020,Mid,82.54,569,Parkville,R+14/D+11/D+13,MD-01/02/03,5,"10,325",0.1498,13,5302.92,High,40,64510,Mid,8.2,61.1,Majority White,White,27.6,5,0,0,93.7,Mid,1,216045,215651,215449,215205,214683,214365,213923,213711,213354,213046,213291,213659,214355,214851
21244,MD,Baltimore,40,30,High,Mid,35724,32,3/16/2020,High,130.44,466,Windsor Mill,D+11/D+26,MD-02/07,18.5,"3,755",0.1051,13.4,2665.97,High,35.6,68874,Mid,9.2,11.6,Mostly Black,Black,73.6,9.4,0,0,94.6,Mid,1,224853,225397,225869,225963,225935,225878,225606,225734,225941,225959,226541,226906,227302,227131
21640,MD,Caroline,40,30,High,Mid,1440,32,3/16/2020,High,173.61,25,Henderson,R+14,MD-01,-14,200,0.1389,27.7,51.99,Low,41.5,54635,Mid,9.5,81.7,Mostly White,White,4.7,0,13.6,0,100,Mid,3,245969,247018,247731,248441,249171,249710,249370,248667,248301,248717,249104,248898,248431,248287
21664,MD,Dorchester,40,30,High,Mid,439,32,3/16/2020,,,,Secretary,R+14,MD-01,-14,115,0.2620,0.4,1097.50,High,44.7,46538,Low,3.2,80,Mostly White,White,0,0,11.2,0,91.2,Low,5,122545,123198,123843,124427,125269,125838,126359,127257,128376,129367,129749,129830,130069,130284
21677,MD,Dorchester,40,30,High,Mid,353,32,3/16/2020,,,,Woolford,R+14,MD-01,-14,130,0.3683,9.3,37.96,Low,58.2,76250,Mid,4.8,98,White,White,0,2,0,0,100,Mid,5,330022,330954,331791,331821,332102,332802,332654,332924,332419,332775,332517,332038,331042,330454
21784,MD,Carroll,40,30,High,Mid,38390,32,3/16/2020,Mid,71.11,273,Sykesville,R+14/D+26,MD-01/07,6,"5,495",0.1431,57.5,667.65,Mid,42.2,109734,High,3.3,88.1,White,White,3.4,0,3.5,0,95,Mid,2,407451,407427,407037,406555,406087,405885,405539,405628,405294,406205,406482,407139,407757,409183
22027,VA,Fairfax,27,33,Mid,Mid,2124,35,3/17/2020,High,258.95,55,Dunn Loring,D+15,VA-11,15,275,0.1295,0.6,3540.00,High,46.1,250001,Very High,0,57.5,Majority White,White,0,32.3,8.8,0,98.6,High,1,974746,973623,974144,973927,976331,978037,980877,984134,986948,988587,988664,991284,993751,999258
22066,VA,Fairfax,27,33,Mid,Mid,18332,35,3/17/2020,Mid,41.46,76,Great Falls,D+1,VA-10,1,"2,630",0.1435,27,678.96,Mid,47,223434,Very High,2.9,70.2,Mostly White,White,0,19.2,4.9,0,94.3,High,1,1126758,1125008,1123616,1121117,1121497,1123498,1126572,1129594,1130628,1130767,1131092,1135180,1138744,1144955
22079,VA,Fairfax,27,33,Mid,Mid,35592,35,3/17/2020,Mid,85.97,306,Larton,D+21/D+1/D+15,VA-08/10/11,12.3,"2,655",0.0746,29.2,1218.90,High,35.9,113097,High,4.7,40.5,No Majority,Mixed,21.5,18.8,0,0,80.8,High,1,497682,498019,498927,499890,501949,504617,507532,510698,512588,513773,514318,516547,518593,522054
22101,VA,Fairfax,27,33,Mid,Mid,29296,35,3/17/2020,Mid,43.69,128,Mc Lean,D+21/D+1,VA-08/10,11,"4,975",0.1698,13.6,2154.12,High,46.3,195631,Very High,2.8,73.5,Mostly White,White,0,16.7,4.8,0,95,High,1,1134573,1136310,1139936,1142933,1148461,1153626,1155587,1158179,1159183,1161463,1161913,1165643,1166861,1170646
22180,VA,Fairfax,27,33,Mid,Mid,24438,35,3/17/2020,Mid,89.21,218,Vienna,D+15,VA-11,15,"2,645",0.1082,5.8,4213.45,High,39.2,147324,High,3.8,64.8,Majority White,White,0,17.2,8.4,0,90.4,High,1,738646,739656,740850,742171,745033,748279,750252,753227,753815,754847,754661,756867,758041,761155
22406,VA,Stafford,27,33,Mid,Mid,25928,35,3/17/2020,Mid,44.35,115,Frederickburg,R+8,VA-01,-8,"3,840",0.1481,72.6,357.13,Mid,38.8,98427,Mid,4.7,63.3,Majority White,White,18.1,0,12,0,93.4,Mid,2,361852,362930,363648,364583,365828,368064,369850,371853,372039,372786,372728,373689,374637,375801
22652,VA,Shenandoah,27,33,Mid,Mid,1339,35,3/17/2020,Mid,52.28,7,Fort Valley,R+13,VA-06,-13,355,0.2651,70.3,19.05,Low,53.7,62875,Mid,4.5,96,White,White,0,0,2.3,0,98.3,Mid,10.6,219672,220616,221411,222395,223236,224037,224503,224954,225232,225586,225975,226260,226691,227013
23032,VA,Middlesex,27,33,Mid,Mid,304,35,3/17/2020,Very Low,0.00,0,Church View,R+8,VA-01,-8,65,0.2138,17,17.88,Low,46.1,NA,,NA,73,Mostly White,White,8.2,0,0,0,81.2,Low,10,165442,166618,167212,167436,168123,168684,169194,169896,170171,169928,169412,168934,168518,168401
23059,VA,Henrico,27,33,Mid,Mid,35124,35,3/17/2020,Mid,27.33,96,Glen Allen,R+8/R+6,VA-01/07,-7,"4,345",0.1237,45.9,765.23,Mid,40.6,109288,High,3.3,64.3,Majority White,White,10.1,19.4,0,0,93.8,Mid,1,422856,423828,424296,425456,426121,426671,426292,426374,425705,425807,426849,428850,432096,434355
23063,VA,Goochland,27,33,Mid,Mid,4621,35,3/17/2020,High,127.68,59,Goochland,R+6,VA-07,-6,900,0.1948,100.3,46.07,Low,46.7,67083,Mid,4.8,62.8,Majority White,White,32,0,2.9,0,97.7,Mid,2,220193,221061,221865,222777,224077,225142,225632,225580,225482,225722,225831,226075,226427,226839
23112,VA,Chesterfield,27,33,Mid,Mid,53162,35,3/17/2020,Mid,32.92,175,Midlothian,D+10,VA-04,10,"7,165",0.1348,32.4,1640.80,High,38.3,95056,Mid,2.7,73.3,Mostly White,White,14.9,4.5,0,0,92.7,Mid,1,277511,278226,278847,279694,280314,281022,281430,282093,282874,284273,285270,286136,287002,288215
23223,VA,Richmond City,27,33,Mid,Mid,51334,35,3/17/2020,Mid,75.00,385,Richmond,D+16,VA-03,16,"5,995",0.1168,16.9,3037.51,High,34.5,40507,Low,25.6,17.3,Mostly Black,Black,76.4,0,0,0,93.7,Low,1,173204,174313,175318,176462,177381,178357,178819,179760,180429,181252,182266,183457,184698,185477
23322,VA,Chesapeake City,27,33,Mid,Mid,65603,35,3/17/2020,Low,19.51,128,Chesapeake,D+10,VA-04,10,"8,255",0.1258,150.8,435.03,Mid,39.9,101165,High,5.3,77.5,Mostly White,White,12.1,0,4.4,0,94,Mid,1,361504,362197,363059,363526,364603,365313,365423,365580,366292,367986,369508,370543,371408,372467
23690,VA,York,27,33,Mid,Mid,3806,35,3/17/2020,Very Low,0.00,0,Yorktown,R+8,VA-01,-8,415,0.1090,7.6,500.79,Mid,29.1,49509,Low,11.3,55.4,Majority White,White,20.2,0,13.8,0,89.4,Mid,1,255037,255563,256318,256829,256947,257209,257760,258069,258882,259505,261456,263881,266483,268152
23693,VA,York,27,33,Mid,Mid,24882,35,3/17/2020,Low,8.84,22,Yorktown,R+8,VA-01,-8,"2,940",0.1182,13.5,1843.11,High,39.6,103333,High,2.2,68.5,Majority White,White,13.3,9.7,0,0,91.5,Mid,1,359704,360051,360509,360454,359857,359234,359076,359062,359758,359843,359607,359499,359380,360134
23805,VA,Petersburg City,27,33,Mid,Mid,19410,35,3/17/2020,Mid,54.10,105,Petersburg,D+16/D+10,VA-03/04,13,"3,560",0.1834,73.3,264.80,Mid,41.1,51748,Mid,14.2,32.5,Majority Black,Black,60.3,0,3.2,0,96,Low,1,140604,141187,141718,142408,143127,143799,144062,144231,144282,144539,144789,145073,145519,145905
23830,VA,Dinwiddie,27,33,Mid,Mid,1331,35,3/17/2020,Mid,52.59,7,Carson,D+10,VA-04,10,290,0.2179,46.5,28.62,Low,36.3,88167,Mid,3.3,47.4,No Majority,Mixed,44.5,0,0,0,91.9,Mid,2,201851,202602,203387,204236,205002,205654,205926,206113,206236,206412,206530,206766,207148,207598
23834,VA,Colonial Heights City,27,33,Mid,Mid,24824,35,3/17/2020,Mid,75.33,187,Colonial Heights,D+10,VA-04,10,"4,420",0.1781,22.6,1098.41,High,39.9,57253,Mid,13.5,67.1,Majority White,White,19.6,0,6.9,0,93.6,Low,1,176358,176918,177579,178398,179117,179773,180006,180231,180436,180867,181294,181727,182309,182907
24072,VA,Floyd,27,33,Mid,Mid,1067,35,3/17/2020,Very Low,1.00,1-4,Check,R+19,VA-09,-19,245,0.2296,27.8,38.38,Low,46,75434,Mid,2,89,White,White,0,0,2.6,0,91.6,Low,10.4,161330,162051,162465,163259,164214,164659,164174,163570,163594,164050,164470,164496,165024,165643
24133,VA,Patrick,27,33,Mid,Mid,2401,35,3/17/2020,Mid,20.82,5,Patrick Springs,R+19,VA-09,-19,610,0.2541,43.3,55.45,Low,45.4,44364,Low,12.6,95.9,White,White,2.4,0,0,0,98.3,Very Low,10.2,89526,89852,90113,90555,91070,91317,91245,90903,90824,90989,91276,91483,91355,91089
24153,VA,Salem City,27,33,Mid,Mid,38125,35,3/17/2020,Mid,23.61,90,Salem,R+19,VA-09,-19,"7,575",0.1987,105,363.10,Mid,42.8,61511,Mid,8.8,88.2,White,White,5.6,0,2.4,0,96.2,Low,1,187330,187829,188564,189369,190209,190813,191064,191098,191092,191338,191665,192152,192708,193389
24343,VA,Carroll,27,33,Mid,Mid,9791,35,3/17/2020,Mid,91.92,90,Hillsville,R+19,VA-09,-19,"2,130",0.2175,132.5,73.89,Low,47,43528,Low,15.2,95.8,White,White,0,0,2.6,0,98.4,Low,10,107882,108099,108218,108527,109233,109786,109844,109416,109012,108820,108619,108397,108407,108372
24558,VA,Halifax,27,33,Mid,Mid,6037,35,3/17/2020,Low,13.25,8,Halifax,R+6,VA-05,-6,"1,575",0.2609,93.8,64.36,Low,50.7,37542,Very Low,16.9,57.1,Majority White,White,38.3,0,2.6,0,98,Low,8,107811,108260,108415,108349,108268,108337,108132,107906,107519,107287,107037,106919,106994,107077
29044,SC,Richland,17,19,Low,Late,5852,72,3/23/2020,Mid,42.72,25,Eastover,R+12/D+19,SC-02/06,3.5,"1,000",0.1709,137.8,42.47,Low,36.7,40593,Low,18.5,29.7,Majority Black,Black,67.5,0,2.2,0,99.4,Very Low,2,96480,96842,97315,97064,97506,97627,97773,97401,97325,97439,98126,98794,98876,99108
29169,SC,Lexington,17,19,Low,Late,24170,72,3/23/2020,Mid,91.02,220,West Columbia,R+12,SC-02,-12,"3,875",0.1603,12,2014.17,High,39.7,43085,Low,18.2,60.1,Majority White,White,19,0,15.9,0,95,Low,1,141517,142395,143096,143908,144437,144907,145543,146171,146862,147478,148268,148930,149583,150043
29440,SC,Georgetown,17,19,Low,Late,27897,72,3/23/2020,Mid,44.81,125,Georgetown,R+9,SC-07,-9,"5,335",0.1912,522.9,53.35,Low,39.5,37146,Very Low,25.3,49.8,No Majority,Mixed,45.2,0,2.4,0,97.4,Low,4.2,159934,160571,161253,161245,161230,161324,161696,161785,161967,162119,162282,162089,162050,161774
29445,SC,Berkeley,17,19,Low,Late,60033,72,3/23/2020,Mid,39.15,235,Goose Creek,R+10,SC-01,-10,"6,810",0.1134,58.5,1026.21,High,33.3,58595,Mid,13.3,58.4,Majority White,White,23,0,9.6,0,91,Mid,1,195219,195489,195852,195693,196174,196648,197253,198259,198798,199143,199339,199949,201026,202683
29446,SC,Colleton,17,19,Low,Late,915,72,3/23/2020,Mid,32.79,3,Green Pond,R+10/D+19,SC-01/06,4.5,240,0.2623,169.6,5.40,Low,53.7,70288,Mid,6,34.3,Majority Black,Black,65.7,0,0,0,100,Very Low,10.4,91065,91451,91355,91094,90639,90631,90623,90546,90407,90577,90631,90695,90861,90878
29452,SC,Colleton,17,19,Low,Late,484,72,3/23/2020,Mid,61.98,3,Jacksonboro,R+10/D+19,SC-01/06,4.5,90,0.1860,57.6,8.40,Low,45,32721,Very Low,48.8,32.9,Majority Black,Black,67.1,0,0,0,100,Very Low,10.4,95292,95692,96034,95916,95736,96057,96390,96285,95828,95365,95829,97184,98425,99566
29461,SC,Berkeley,17,19,Low,Late,37133,72,3/23/2020,Mid,36.89,137,Moncks Corner,R+10/D+19,SC-01/06,4.5,"5,395",0.1453,162.8,228.09,Mid,38.4,58946,Mid,11.7,66.5,Majority White,White,26.5,0,2.9,0,95.9,Mid,7.1,227784,228152,228519,228484,228937,229534,230024,230848,230985,231045,231244,231869,232886,234198
29482,SC,Charleston,17,19,Low,Late,2148,72,3/23/2020,Mid,65.18,14,Sullivans Island,R+10,SC-01,-10,380,0.1769,2.6,826.15,Mid,48.1,135577,High,7.7,95.3,White,White,0,1.1,2.4,0,98.8,High,1,1922010,1925846,1925260,1930282,1933153,1936547,1939934,1947744,1959092,1975923,1981037,1984329,1988359,1997394
29505,SC,Florence,17,19,Low,Late,24850,72,3/23/2020,Mid,66.00,164,Florence,R+9,SC-07,-9,"4,025",0.1620,51.7,480.66,Mid,40.2,53447,Mid,11.8,56.6,Majority White,White,35.8,0,3.6,0,96,Low,1,148216,148751,149296,149865,150535,151259,151918,152484,152872,153400,153673,153874,153889,153908
29530,SC,Florence,17,19,Low,Late,2325,72,3/23/2020,Mid,94.62,22,Coward,D+19/R+9,SC-06/07,5,480,0.2065,38.3,60.70,Low,37.1,43750,Low,21.5,86.1,White,White,7.5,0,4.4,0,98,Very Low,2,96763,96489,94940,93837,93245,93412,92883,92514,92033,91342,91278,90994,91372,91324
29564,SC,Williamsburg,17,19,Low,Late,765,72,3/23/2020,Mid,65.36,5,Lane,D+19,SC-06 ,19,205,0.2680,65.4,11.70,Low,43.3,22467,Very Low,30.1,10.1,Black,Black,87.2,0,0,0,97.3,Very Low,9,40025,40028,40287,40349,40434,40482,40416,40175,39951,39865,39770,39704,39685,39705
29577,SC,Horry,17,19,Low,Late,31816,72,3/23/2020,Mid,79.83,254,Myrtle Beach,R+9,SC-07,-9,"6,680",0.2100,23.7,1342.45,High,42.3,40416,Low,22.9,66.6,Majority White,White,14,0,14.7,0,95.3,Low,1,156228,156388,156737,157230,157637,157893,158483,159107,159711,159764,160119,160670,161791,162628
29582,SC,Horry,17,19,Low,Late,16548,72,3/23/2020,Mid,87.02,144,North Myrtle,R+9,SC-07,-9,"6,585",0.3979,21.7,762.58,Mid,57.7,56138,Mid,12.5,85.7,White,White,7,0,3.8,0,96.5,Mid,1,240053,240200,240447,240939,241384,241715,242509,243478,244344,244473,244960,245834,247797,249578
29650,SC,Greenville,17,19,Low,Late,34886,72,3/23/2020,Mid,61.34,214,Greer,R+15,SC-04,-15,"5,420",0.1554,18,1938.11,High,39.8,74597,Mid,7.1,73.2,Mostly White,White,7.4,0,10.4,0,91,Mid,1,247200,248133,249162,250103,250728,251494,252424,253135,253809,254472,255488,256408,257198,257706
29708,SC,York,17,19,Low,Late,34082,72,3/23/2020,Mid,27.87,95,Fort Mill,R+9,SC-05,-9,"4,345",0.1275,19,1793.79,High,38.7,110297,High,2.7,84.1,Mostly White,White,5.4,0,5.6,0,95.1,Mid,1,308350,310742,312740,315140,317762,320222,321877,323496,326102,329020,332265,336109,340802,345801
29730,SC,York,17,19,Low,Late,55937,72,3/23/2020,Mid,39.33,220,Rock Hill,R+9,SC-05,-9,"7,550",0.1350,120,466.14,Mid,35,46736,Low,17.7,51.2,Majority White,White,38.4,0,4.7,0,94.3,Low,1.1,146245,147594,148828,150344,152156,153871,155126,156485,158660,161191,164261,167667,171784,176126
29801,SC,Aiken,17,19,Low,Late,28308,72,3/23/2020,Low,17.31,49,Aiken,R+12,SC-02,-12,"4,700",0.1660,87.6,323.15,Mid,39.2,41703,Low,21.9,47.7,No Majority,Mixed,44.6,0,4.2,0,96.5,Low,1,125949,126406,126405,126600,126858,127235,127512,127792,128446,129209,130155,130896,132040,133019
29845,SC,Mccormick,17,19,Low,Late,983,72,3/23/2020,Very Low,0.00,0,Plum Branch,R+19,SC-03,-19,335,0.3408,65.8,14.94,Low,52.4,38750,Very Low,23.6,44.5,Majority Black,Black,50.3,0,0,0,94.8,Very Low,2,73173,74111,73938,73300,73261,73630,73977,74652,74937,75722,76543,77061,77297,77624
32003,FL,Clay,9,17,Low,Late,28531,49,4/1/2020,Mid,20.68,59,Orange Park,R+9/D+12,FL-03/05,1.5,"4,470",0.1567,15.8,1805.76,High,43.8,91287,Mid,3.8,81,Mostly White,White,5.7,0,7.8,0,94.5,Mid,1,283681,283954,284029,284752,285834,286685,287088,287350,288186,289072,290029,290864,292284,293784
32082,FL,Saint Johns,9,17,Low,Late,30898,49,4/1/2020,Mid,33.66,104,Ponte Vedra Beach,R+7,FL-06,-7,"7,045",0.2280,33.3,927.87,Mid,51.5,107717,High,4.2,90.6,White,White,0,1.9,4.1,0,96.6,High,1,533795,533576,534315,535156,536604,536602,538442,540469,542285,542699,543311,544959,546322,548066
32127,FL,Volusia,9,17,Low,Late,30415,49,4/1/2020,Low,8.88,27,Port Orange,R+7,FL-06,-7,"7,720",0.2538,15.9,1912.89,High,51.5,49903,Low,14.4,85.8,White,White,3.9,0,7.1,0,96.8,Mid,1,248722,249286,250607,251692,252657,253755,254501,255134,256135,257832,258691,259550,259933,261392
32162,FL,Sumter,9,17,Low,Late,54530,49,4/1/2020,Very Low,1.00,1-4,The Villages,R+15,FL-11,-15,"39,445",0.7234,23.1,2360.61,High,71.6,61654,Mid,4.5,95.8,White,White,0,1.5,1.7,0,99,Mid,2,277308,278169,279024,280262,281411,282644,283438,284041,284680,285857,287294,288815,290012,291408
32174,FL,Volusia,9,17,Low,Late,50869,49,4/1/2020,Mid,22.21,113,Ormond Beach,R+7,FL-06,-7,"15,510",0.3049,123.4,412.23,Mid,53.4,52527,Mid,8.2,87.4,White,White,4.1,0,5.2,0,96.7,Mid,1,252466,253334,254703,256052,257263,258362,259193,259615,260266,261388,262086,262615,262864,263773
32404,FL,Bay,9,17,Low,Late,40029,49,4/1/2020,Low,8.99,36,Panama City,R+18,FL-02,-18,"5,535",0.1383,128.8,310.78,Mid,37.4,50681,Mid,13.5,72.3,Mostly White,White,12.8,0,6.2,0,91.3,Low,1,167395,168257,169500,170456,171255,171675,172727,174149,177594,180733,184307,186324,188192,189496
32533,FL,Escambia,9,17,Low,Late,27632,49,4/1/2020,Mid,26.42,73,Cantonment,R+22,FL-01,-22,"5,305",0.1920,74.9,368.92,Mid,44.5,71528,Mid,8.8,77.3,Mostly White,White,17.3,0,1.7,0,96.3,Mid,1,196019,196261,196906,197363,197880,198250,198618,199030,199724,201408,203069,205024,206641,208637
32566,FL,Santa Rosa,9,17,Low,Late,38112,49,4/1/2020,Low,15.74,60,Navarre,R+7,FL-06,-7,"5,330",0.1399,40.3,945.71,Mid,37.9,78368,Mid,9.2,78.4,Mostly White,White,6.8,0,8.1,0,93.3,Mid,1,264311,265207,266524,267936,269476,270916,272257,273127,274765,276051,277659,278914,280812,282817
32720,FL,Volusia,9,17,Low,Late,31819,49,4/1/2020,Mid,27.34,87,Deland,R+7,FL-06,-7,"6,180",0.1942,62.8,506.67,Mid,45.3,44146,Low,14.3,71.5,Mostly White,White,11.7,0,13.1,0,96.3,Mid,1.1,196509,197525,199099,200260,201370,202369,203655,204660,206018,207463,208529,209645,210258,211499
32725,FL,Volusia,9,17,Low,Late,48008,49,4/1/2020,Mid,25.20,121,Deltona,EVEN,FL-07,0,"8,185",0.1705,22.9,2096.42,High,40.9,48830,Low,12.9,52.7,Majority White,White,8.6,0,35,0,96.3,Low,1.1,183497,184199,185444,186427,187417,188472,189516,190391,191711,193386,194606,195784,196703,198298
32927,FL,Brevard,9,17,Low,Late,26687,49,4/1/2020,Low,11.99,32,Cocoa,R+11,FL-08,-11,"4,020",0.1506,21.9,1218.58,High,41.9,60761,Mid,13.3,80.2,Mostly White,White,0,0,7.1,0,87.3,Low,1,186869,187928,188729,189104,189094,189834,190861,191958,193279,194513,196455,197892,199526,201009
32937,FL,Brevard,9,17,Low,Late,27126,49,4/1/2020,Low,16.59,45,Satellite Beach,R+11,FL-08,-11,"5,945",0.2192,6.7,4048.66,High,48.3,69642,Mid,6.1,86.9,White,White,2.4,0,6.8,0,96.1,Mid,1,327743,328290,328807,328625,328158,328612,329353,330062,331019,332491,335103,337193,339584,341762
32955,FL,Brevard,9,17,Low,Late,39127,49,4/1/2020,Low,15.33,60,Rockledge,R+11,FL-08,-11,"7,815",0.1997,22.1,1770.45,High,45.8,68946,Mid,8.2,74.1,Mostly White,White,10.5,0,10.5,0,95.1,Mid,1,240421,241324,241979,242202,241663,242351,243232,244322,245330,246532,248633,250287,252090,253567
33030,FL,Miami-dade,9,17,Low,Late,35701,49,3/19/2020,High,184.03,657,Homestead,D+6/D+5,FL-26/27,5.5,"2,670",0.0748,18.4,1940.27,High,30.9,37576,Very Low,29,12.8,Mostly Hispanic,Hispanic,13.7,0,71.8,0,98.3,Mid,1,256783,258450,259769,261021,261389,262090,262714,263421,263984,265877,267674,269082,270288,271230
33040,FL,Monroe,9,17,Low,Late,34784,49,4/1/2020,Low,19.84,69,Key West,D+6,FL-26,6,"4,605",0.1324,18.5,1880.22,High,40.6,67740,Mid,11.6,57,Majority White,White,11.3,0,27.9,0,96.2,High,4,667301,667118,667014,667736,668283,668808,669833,668882,668566,667060,668220,667883,669165,669111
33056,FL,Miami-dade,9,17,Low,Late,36409,49,3/19/2020,High,110.96,404,Miami Gardens/Carol City?,D+34,FL-24,34,"4,635",0.1273,6.1,5968.69,High,36.2,40985,Low,23.7,1.1,Mostly Black,Black,76.6,0,20.3,0,98,Mid,1,264425,265823,266827,268210,268985,270595,271816,273205,274080,276189,278064,279984,281884,283478
33060,FL,Broward,9,17,Low,Late,37168,49,3/27/2020,Mid,85.56,318,Pompano Beach,D+31/D+6,FL-20/22,18.5,"4,525",0.1217,7,5309.71,High,39.3,43924,Low,25.5,35.1,No Majority,Mixed,41.8,0,21,0,97.9,Mid,1,265798,266190,266577,267205,267908,269128,270152,270800,271955,273395,274638,276110,277717,279124
33125,FL,Miami-dade,9,17,Low,Late,61492,49,3/19/2020,High,218.08,1341,Maimi,D+24/D+5,FL-24/27,14.5,"7,165",0.1165,3.9,15767.18,High,42.5,27518,Very Low,28.4,3.3,Hispanic,Hispanic,2.9,0,92.9,0,99.1,Mid,1,302594,303787,305450,306877,308599,310371,311574,312614,313475,315146,316655,318331,319736,320616
33139,FL,Miami-dade,9,17,Low,Late,38606,49,3/19/2020,Mid,95.58,369,Maimi Beach,D+11/D+24,FL-23/24,17.5,"4,105",0.1063,2.7,14298.52,High,41,52278,Mid,15,41.1,Majority Hispanic,Hispanic,3.3,0,50.2,0,94.6,Mid,1,334832,334886,334694,334402,333107,332038,330756,329798,329166,329625,329191,328616,327309,326004
33140,FL,Miami-dade,9,17,Low,Late,21807,49,3/19/2020,High,207.27,452,Miami Beach,D+11,FL-23,11,"3,260",0.1495,3,7269.00,High,43.9,79804,Mid,9,50.6,Majority White,White,2,0,45.1,0,97.7,Mid,1,509230,509099,508610,508109,506707,505177,502942,501365,499936,500074,499406,498117,496144,493685
33146,FL,Miami-dade,9,17,Low,Late,16156,49,3/19/2020,Mid,51.99,84,Miami,D+5,FL-27,5,"1,815",0.1123,3.1,5211.61,High,23.6,121319,High,7.2,41.3,No Majority,Mixed,4.8,0,48.5,0,94.6,High,1,943970,943371,939791,940440,940959,942028,940978,940946,939717,942975,942716,940040,937908,937973
33149,FL,Miami-dade,9,17,Low,Late,13054,49,3/19/2020,Mid,72.01,94,Key Biscayne,D+5,FL-27,5,"1,805",0.1383,4.7,2777.45,High,42,133958,High,4.7,30,Majority Hispanic,Hispanic,0,0.9,69.1,0,100,High,2,1139918,1133863,1128647,1128910,1126005,1121411,1113427,1105582,1098396,1095618,1092585,1089116,1087053,1083003
33157,FL,Miami-dade,9,17,Low,Late,68402,49,3/19/2020,High,137.28,939,Miami,D+6,FL-26,6,"8,930",0.1306,14.8,4621.76,High,37.6,63943,Mid,13.8,22.8,Majority Hispanic,Hispanic,20.5,0,51.4,0,94.7,Mid,1,343913,344580,345159,346666,347752,349196,350139,350751,351464,353463,355249,356848,358724,360460
33162,FL,Miami-dade,9,17,Low,Late,48185,49,3/19/2020,Mid,94.22,454,North Miami Beach,D+34,FL-24,34,"5,285",0.1097,5.2,9266.35,High,34.8,42643,Low,17.6,15.1,Majority Black,Black,52.6,0,26.6,0,94.3,Mid,1,280994,282376,283119,283651,283627,284767,285960,287565,288537,290901,292543,294516,295996,297514
33317,FL,Broward,9,17,Low,Late,38360,49,3/27/2020,Mid,45.88,176,Fort Lauderdale,D+31/D+6/D+11,FL-20/22/23,24,"5,010",0.1306,9.6,3995.83,High,39,65934,Mid,16.8,39,No Majority,Mixed,26.2,0,27.6,0,92.8,Mid,1,334388,334997,335881,336815,337925,339430,340898,341676,342929,344512,345904,347973,350338,352486
33326,FL,Broward,9,17,Low,Late,32946,49,3/27/2020,Mid,41.58,137,Fort Lauderdale,D+31/D+11,FL-20/23,21,"3,645",0.1106,9.7,3396.49,High,41,84910,Mid,7.3,36,Majority Hispanic,Hispanic,0,4.9,53.2,0,94.1,Mid,1,353368,353809,354368,355048,355950,357251,358192,358498,359125,360677,361764,363507,364961,366269
33408,FL,Palm Beach,9,17,Low,Late,18248,49,3/31/2020,Mid,35.07,64,North Palm Beach,R+5/D+31,FL-18/20,13,"5,320",0.2915,7.3,2499.73,High,56.9,73890,Mid,6.4,85.8,White,White,2.3,0,9.8,0,97.9,Mid,1,386933,387303,388236,388968,389037,389222,390051,391006,392189,393911,395574,396996,397844,398684
33410,FL,Palm Beach,9,17,Low,Late,35597,49,3/31/2020,Mid,60.68,216,Palm Beach Gardens,R+5/D+31,FL-18/20,13,"6,830",0.1919,11.4,3122.54,High,45.3,69037,Mid,8.1,75.9,Mostly White,White,5.2,0,13.6,0,94.7,Mid,1,360849,361331,362265,362822,362941,363164,364090,364927,366094,367417,368435,369108,369029,369199
33460,FL,Palm Beach,9,17,Low,Late,32688,49,3/31/2020,High,264.32,864,Lake Worth,D+31/D+6,FL-20/22,18.5,"3,160",0.0967,4.7,6954.89,High,35.8,37863,Very Low,25.5,32.3,No Majority,Mixed,17.3,0,47.6,0,97.2,Mid,1,219712,220861,222465,223487,224372,225094,226179,226766,227854,229800,231671,232917,233173,233736
33619,FL,Hillsborough,9,17,Low,Late,39747,49,4/1/2020,Mid,69.94,278,Tampa,D+7,FL-14,7,"3,670",0.0923,26.6,1494.25,High,33.1,41318,Low,23.9,24,No Majority,Mixed,35,0,36.4,0,95.4,Low,1,148778,148883,149845,150502,151687,152583,153740,155147,156529,158038,159494,161418,163487,166390
33702,FL,Pinellas,9,17,Low,Late,30562,49,4/1/2020,Mid,62.82,192,Saint Petersburg,D+2,FL-13,2,"5,245",0.1716,9.9,3087.07,High,43.5,50214,Mid,12.4,78.1,Mostly White,White,8.2,0,8.1,0,94.4,Mid,1,204684,204998,205173,205133,205636,206514,207361,208071,209604,211961,214287,215530,216645,218084
33823,FL,Polk,9,17,Low,Late,32139,49,4/1/2020,Mid,32.67,105,Auburndale,D+11/R+6,FL-10/15,2.5,"5,690",0.1770,31.1,1033.41,High,39.4,50066,Mid,19,70.3,Mostly White,White,8.7,0,19.2,0,98.2,Low,1,176322,177069,177871,177946,178184,178631,179847,181262,182706,184234,185762,187050,187471,188494
33912,FL,Lee,9,17,Low,Late,18402,49,4/1/2020,Mid,70.10,129,Fort Myers,R+13,FL-19,-13,"6,030",0.3277,21.3,863.94,Mid,60.4,73271,Mid,5.4,87.7,White,White,0,4.2,7.3,0,99.2,Mid,1,271588,271448,272448,273697,274031,273655,273572,273243,274248,274702,275707,276373,277439,277715
33952,FL,Charlotte,9,17,Low,Late,33662,49,4/1/2020,Mid,37.43,126,Port Charlotte,R+13,FL-17,-13,"7,840",0.2329,11,3060.18,High,50.7,39761,Very Low,16.7,74.3,Mostly White,White,9.8,0,10.2,0,94.3,Low,1,156151,155909,155859,156022,156162,156457,156817,157120,156879,156652,157280,158447,160168,161950
33972,FL,Lee,9,17,Low,Late,15299,49,4/1/2020,Mid,61.44,94,Leehigh Acres,R+13,FL-17,-13,"1,650",0.1079,25,611.96,Mid,40.8,58151,Mid,14.4,52.4,Majority White,White,16.2,0,25.9,0,94.5,Mid,2,195405,195616,196531,197723,198259,198082,198020,197837,199239,200279,201860,202533,203614,204110
34292,FL,Sarasota,9,17,Low,Late,16054,49,4/1/2020,Low,11.21,18,Venice,R+13,FL-17,-13,"7,575",0.4718,29.6,542.36,Mid,68.5,61759,Mid,7,97.4,White,White,0.5,0,1.4,0,99.3,Mid,1,299017,299319,300359,300962,301059,300810,301536,302574,303542,304384,305400,306442,307967,308608
34741,FL,Osceola,9,17,Low,Late,45920,49,3/26/2020,Mid,44.21,203,Kissimmee,D+5,FL-09,5,"4,780",0.1041,14.9,3081.88,High,33,37148,Very Low,28,22.4,Majority Hispanic,Hispanic,7.5,0,65.1,0,95,Low,2,179053,180053,181103,181294,181429,181548,182469,183362,184989,185228,185768,185831,186834,187587
60007,IL,Cook,48,51,High,Mid,33420,37,3/16/2020,High,108.92,364,Elk Grove Village,D+20/D+8,IL-05/08,14,"5,890",0.1762,14.1,2370.21,High,43.8,79590,Mid,3.8,75.1,Mostly White,White,0,10.1,12,0,97.2,Mid,1,282806,281927,281445,280897,280323,279766,279522,279168,279179,279389,279699,279664,279725,279891
60015,IL,Lake,48,51,High,Mid,27452,37,3/16/2020,Mid,68.12,187,Deerfield,D+10,IL-10,10,"4,035",0.1470,13.5,2033.48,High,43.6,142409,High,4.5,87.1,White,White,0,7.2,3.6,0,97.9,Mid,1,460862,460256,459006,457863,456235,454930,453361,452671,452582,452284,451897,450702,449709,449383
60022,IL,Cook,48,51,High,Mid,8477,37,3/16/2020,Mid,34.21,29,Glencoe,D+10,IL-10,10,"1,215",0.1433,3.9,2173.59,High,45.1,209821,Very High,2.4,89.1,White,White,0,3.2,5.4,0,97.7,High,1,1057778,1057509,1059503,1061855,1061306,1061121,1061034,1061327,1056928,1051322,1046635,1044426,1042342,1039168
60031,IL,Lake,48,51,High,Mid,37172,37,3/16/2020,Mid,97.12,361,Gurnee,D+10/R+5,IL-10/14,2.5,"4,790",0.1289,18.9,1966.77,High,39.3,93028,Mid,5.1,62.8,Majority White,White,0,12.9,13,0,88.7,Mid,2,244216,245326,245663,246120,246379,246715,246891,247507,248269,248867,249171,248752,248151,247752
60043,IL,Cook,48,51,High,Mid,2512,37,3/16/2020,Mid,75.64,19,Kenilworth,D+18,IL-09,18,325,0.1294,0.6,4186.67,High,41.3,212750,Very High,4.3,90.4,White,White,0,5.1,2.8,0,98.3,High,1,1373179,1370144,1369567,1367448,1362417,1357213,1351514,1348142,1345454,1347841,1350135,1352098,1352445,1352760
60053,IL,Cook,48,51,High,Mid,23256,37,3/16/2020,High,131.58,306,Morton Grove,D+18/D+10,IL-09/10,14,"4,935",0.2122,5,4651.20,High,47.4,85476,Mid,6.2,58.3,Majority White,White,0,30.4,6.2,0,94.9,Mid,1,317544,316871,316781,316358,315721,314994,314026,313446,312533,312271,312031,311908,311523,311593
60061,IL,Lake,48,51,High,Mid,27004,37,3/16/2020,Mid,65.92,178,Vernon Hills,D+10,IL-10,10,"3,075",0.1139,8,3375.50,High,39,98939,Mid,6.2,59.1,Majority White,White,0,22.8,12.1,0,94,Mid,1,314528,315142,314611,314273,313370,312586,311724,311525,311691,311681,311543,310477,309161,307649
60099,IL,Lake,48,51,High,Mid,30934,37,3/16/2020,High,188.79,584,Zion,D+10/R+5,IL-10/14,2.5,"3,400",0.1099,22.7,1362.73,High,33.9,54685,Mid,18.3,39.6,No Majority,Mixed,24,0,28.6,0,92.2,Low,1,140183,141283,141808,142576,142580,142696,142446,142822,143158,143539,143815,143831,143940,143774
60134,IL,Kane,48,51,High,Mid,29401,37,3/16/2020,Mid,56.12,165,Geneva,R+5,IL-14,-5,"3,830",0.1303,15.4,1909.16,High,41,117951,High,3.7,91.9,White,White,0,1.2,5.7,0,98.8,Mid,1,346510,346206,346339,345465,345233,344665,344993,344807,344638,343413,343570,344159,345014,345441
60139,IL,Dupage,48,51,High,Mid,34364,37,3/16/2020,High,189.44,651,Glendale Hts,R+2,IL-06,-2,"3,340",0.0972,5.5,6248.00,High,33.7,65865,Mid,9.4,33.9,No Majority,Mixed,0,22.6,31.3,0,87.8,Mid,1,206729,207212,207078,206805,207276,207983,208498,208966,209437,210025,210693,210765,210380,210279
60142,IL,Mchenry,48,51,High,Mid,28121,37,3/16/2020,Mid,36.98,104,Huntley,R+2/R+5,IL-06/14,-3.5,"8,810",0.3133,40.1,701.27,Mid,46.5,76730,Mid,5.1,80,Mostly White,White,0,5.7,11,0,96.7,Mid,1,268847,268566,268597,268632,268767,268635,268484,268680,268858,268534,268761,269236,270154,270910
60165,IL,Cook,48,51,High,Mid,4923,37,3/16/2020,High,375.79,185,Stone Park,D+33,IL-04,33,305,0.0620,0.3,16410.00,High,30.3,59022,Mid,19.4,4.8,Hispanic,Hispanic,0,3.1,88.6,0,96.5,Low,1,169881,170478,172169,173870,174310,174751,174951,176159,176493,176878,176764,176881,177137,177533
60181,IL,Dupage,48,51,High,Mid,28801,37,3/16/2020,Mid,92.36,266,Villa Park,D+20/R+2/D+8,IL-05/06/08,8.7,"3,665",0.1273,6.6,4363.79,High,37.9,69488,Mid,8.1,60.7,Majority White,White,0,9.4,22.4,0,92.5,Mid,1,246625,246986,247478,247664,248398,248697,249115,249703,250645,251668,252418,252739,252613,252851
60409,IL,Cook,48,51,High,Mid,36955,37,3/16/2020,High,166.15,614,Calumet City,D+29,IL-02,29,"4,520",0.1223,7.5,4927.33,High,37.1,42718,Low,18.9,9.7,Mostly Black,Black,74.3,0,15.1,0,99.1,Very Low,1,96358,96168,96547,97184,97538,97986,98313,99002,99214,98917,98371,97832,97992,97973
60411,IL,Cook,48,51,High,Mid,57800,37,3/16/2020,High,164.53,951,South Chicago Heights,D+29,IL-02,29,"6,075",0.1051,31.7,1823.34,High,34.2,46771,Low,23.7,20.5,Majority Black,Black,50.1,0,26.5,0,97.1,Low,1,94205,94845,95971,97126,97901,98689,99242,99982,100667,101173,101735,102369,102884,102927
60440,IL,Will,48,51,High,Mid,52246,37,3/16/2020,High,172.07,899,Bolingbrook,D+9,IL-11,9,"5,525",0.1057,16.1,3245.09,High,35.6,73813,Mid,9,38.4,No Majority,Mixed,20.1,0,29.3,0,87.8,Mid,1,209721,210631,211170,211940,211974,212027,212039,212579,213271,213917,214645,214925,215272,215052
60452,IL,Cook,48,51,High,Mid,28324,37,3/16/2020,Mid,88.62,251,Oak Forest,D+27/D+29,IL-01/02,28,"3,740",0.1320,9.3,3045.59,High,41.4,75844,Mid,6.7,75.8,Mostly White,White,5,0,14.4,0,95.2,Mid,1,203008,202944,203462,203565,203740,203754,203618,203330,203297,203665,204178,204677,204890,205218
60462,IL,Cook,48,51,High,Mid,40305,37,3/16/2020,Mid,85.60,345,Orland Park,D+27,IL-01,27,"7,985",0.1981,15.7,2567.20,High,43.3,83324,Mid,4.8,82.5,Mostly White,White,4.2,0,8.7,0,95.4,Mid,1,288691,288308,288219,288110,288029,287985,287757,287298,286895,286990,287276,287528,287596,287853
60545,IL,Kendall,48,51,High,Mid,13259,37,3/16/2020,High,115.39,153,Plano,R+5,IL-14,-5,"1,380",0.1041,37.9,349.84,Mid,33.1,72542,Mid,16,59.2,Majority White,White,9.2,0,28.3,0,96.7,Low,2,177871,177795,177914,177941,177771,177851,177836,177372,177116,177277,177922,178551,179033,179361
60559,IL,Dupage,48,51,High,Mid,24529,37,3/16/2020,High,136.17,334,Westmont,D+20/R+2,IL-05/06,9,"3,300",0.1345,4.9,5005.92,High,39.1,67598,Mid,12,64.5,Majority White,White,0,13.5,13,0,91,Mid,1,282458,282800,283261,282336,282412,282292,282330,282547,283013,283413,283250,282533,280819,279791
60621,IL,Cook,48,51,High,Mid,29042,37,3/16/2020,High,195.58,568,Chicago,D+27/D+38,IL-01/07,32.5,"2,805",0.0966,3.7,7849.19,High,34,20991,Very Low,43.5,1.1,Black,Black,94.3,0,3.7,0,99.1,Very Low,1,50972,51066,51129,51620,51746,51970,51913,52063,52563,53003,53404,53649,54246,54684
61087,IL,Jo Daviess,48,51,High,Mid,1493,37,3/16/2020,Very Low,1.00,1-4,Warren,D+3,IL-17,3,325,0.2177,29.8,50.10,Low,49.5,56466,Mid,10.3,93.1,White,White,0,0,2.1,0,95.2,Very Low,10.6,67065,67154,67213,67298,67469,67473,67416,67334,67340,67653,68089,68465,68619,68944
61238,IL,Henry,48,51,High,Mid,3534,37,3/16/2020,Very Low,1.00,1-4,Cambridge,D+3,IL-17,3,605,0.1712,103.5,34.14,Low,42,62132,Mid,8.4,95.6,White,White,2.3,0,1.3,0,99.2,Low,10.1,111841,112188,112729,112999,113185,113406,113466,113566,113577,113446,113212,113134,113012,112872
61318,IL,Lee,48,51,High,Mid,845,37,3/16/2020,Very Low,1.00,1-4,Compton,R+8,IL-16,-8,100,0.1183,34.6,24.42,Low,37.1,51477,Mid,12.7,76.2,Mostly White,White,1.9,0,20,0,98.1,Very Low,3,94518,94652,94901,94956,95033,95035,95000,95252,95551,96013,96488,96766,96860,96709
61453,IL,Warren,48,51,High,Mid,578,37,3/16/2020,Very Low,1.00,1-4,Little York,D+3,IL-17,3,90,0.1557,57.2,10.10,Low,39.1,51875,Mid,9.4,91.2,White,White,0,6.4,0,0,97.6,Very Low,6,73022,73796,74683,75351,75624,75832,75927,76122,76355,76769,77172,77482,77439,76957
61615,IL,Peoria,48,51,High,Mid,23168,37,3/16/2020,Low,14.68,34,Alta/peoria,D+3/R+15,IL-17/18,-6,"3,970",0.1714,31.6,733.16,Mid,37.1,67908,Mid,11.1,64.3,Majority White,White,15.6,8.9,0,0,88.8,Low,1,156879,157248,157192,157171,157262,157526,157767,158033,158203,158520,158940,159264,159549,159913
61753,IL,Mclean,48,51,High,Mid,3058,37,3/16/2020,Very Low,1.00,1-4,Lexington,R+15,IL-18,-15,480,0.1570,85.1,35.93,Low,41.1,65547,Mid,6.4,98.1,White,White,1,0,0.4,0,99.5,Low,2,145387,145143,145245,145152,145674,146125,146957,147268,147081,147133,147135,147615,147869,148262
61769,IL,Livingston,48,51,High,Mid,621,37,3/16/2020,Very Low,1.00,1-4,Saunemin,R+8,IL-16,-8,85,0.1369,37.9,16.39,Low,43.1,60000,Mid,12.8,83.7,Mostly White,White,0,4.2,8.4,0,96.3,Very Low,10.5,80303,80485,80749,81115,81403,81588,81825,82013,82032,82096,82142,82218,82219,82117
61821,IL,Champaign,48,51,High,Mid,30582,37,3/16/2020,Mid,46.43,142,Champaign,R+3,IL-13,-3,"3,745",0.1225,7.5,4077.60,High,35.3,55743,Mid,15.8,62.9,Majority White,White,23.7,0,5.7,0,92.3,Low,1,130277,130142,130449,130666,131074,131156,131666,131972,132593,132625,132323,132504,132843,133296
62031,IL,Jersey,48,51,High,Mid,749,37,3/16/2020,Very Low,1.00,1-4,Fieldon,R+3,IL-13,-3,175,0.2336,57.5,13.03,Low,51.6,50625,Mid,11.2,96.1,White,White,0,0,2.1,0,98.2,Very Low,7.3,81013,81572,82632,83668,84138,84278,84107,84111,84170,84349,84643,84828,84879,84476
62054,IL,Greene,48,51,High,Mid,781,37,3/16/2020,Very Low,1.00,1-4,Kane,R+3,IL-13,-3,140,0.1793,38.9,20.08,Low,45.7,48125,Low,9.7,90.7,White,White,0,0,2.9,0,93.6,Low,10.5,109875,110454,110756,111146,111477,112010,112402,112876,113020,113106,113458,113567,113521,113440
62612,IL,Cass,48,51,High,Mid,1799,37,3/16/2020,Very Low,1.00,1-4,Ashland,R+15,IL-18,-15,320,0.1779,90,19.99,Low,48,65244,Mid,5.5,97.7,White,White,0,0,0.9,0,98.6,Low,2,95406,95888,96030,96275,96731,97159,97482,97881,98483,99312,100187,100866,101427,101451
62814,IL,Jefferson,48,51,High,Mid,1945,37,3/16/2020,Very Low,1.00,1-4,Bluford,R+5/R+21,IL-12/15,-13,330,0.1697,70.8,27.47,Low,39.2,53125,Mid,12.3,96.9,White,White,0,0,0.6,0,97.5,Very Low,5,84492,84840,85415,85394,85466,85599,85652,86118,86629,86928,87052,87350,87781,87915
62939,IL,Johnson,48,51,High,Mid,3111,37,3/16/2020,Mid,32.14,10,Goreville,R+21,IL-15,-21,695,0.2234,43.9,70.87,Low,46.9,63355,Mid,9.8,98.9,White,White,0,0,1.1,0,100,Low,10.5,113975,113526,113644,113836,114640,115145,115173,115184,115163,115143,115164,115200,115205,115540
62953,IL,Massac,48,51,High,Mid,313,37,3/16/2020,Very Low,1.00,1-4,Joppa,R+21,IL-15,-21,50,0.1597,0.9,347.78,Mid,40.3,25455,Very Low,48.7,89.1,White,White,7.3,0,0,0,96.4,Very Low,8,17500,17348,17428,17564,17619,17603,17569,17544,17438,17421,17336,17400,17430,17467
62959,IL,Williamson,48,51,High,Mid,28201,37,3/16/2020,Low,15.60,44,Marion,R+5,IL-12,-5,"4,990",0.1769,135.2,208.59,Mid,41.6,51532,Mid,16.2,87.6,White,White,6.5,0,0,0,94.1,Low,4,116854,117206,117549,117823,118312,118687,118681,118634,118673,118864,118892,118818,118614,118491
87001,NM,Sandoval,35,44,High,Mid,3745,25,3/23/2020,High,197.60,74,Algodones,D+7,NM-01,7,370,0.0988,120.1,31.18,Low,33.2,41375,Low,28,8.5,Mostly American Indian,Mixed,0,0,16,74.5,99,Mid,2,250683,253924,258630,262112,264863,267507,270059,270938,271737,272833,275432,278309,279608,280073
87042,NM,Valencia,35,44,High,Mid,3577,25,3/23/2020,Low,8.39,3,Peralta,R+6,NM-02,-6,730,0.2041,4.5,794.89,Mid,46.5,51169,Mid,16.2,45.6,Majority Hispanic,Hispanic,0,3.7,50.7,0,100,Low,2,189096,189833,190908,192482,193673,194895,196177,197456,198453,198514,198772,198597,199025,198752
87116,NM,Bernalillo,35,44,High,Mid,3940,25,3/23/2020,Low,10.15,4,Alburquerque,D+7,NM-01,7,50,0.0127,3.3,1193.94,High,23.7,64464,Mid,4.6,69.8,Majority White,White,0,0,13.1,0,82.9,Mid,1,233482,235901,238565,241682,244380,245350,245733,246232,246972,247549,248313,250157,252199,253727
87121,NM,Bernalillo,35,44,High,Mid,78900,25,3/23/2020,Mid,31.05,245,Albuquerque,D+7/R+6/D+8,NM-01/02/03,3,"5,425",0.0688,256,308.20,Mid,29.7,42185,Low,22,9.8,Mostly Hispanic,Hispanic,0,0,83.7,3.5,97,Low,1,154269,155292,156260,157320,158428,159205,160250,161368,162421,163563,164664,165775,166974,167986
87122,NM,Bernalillo,35,44,High,Mid,18422,25,3/23/2020,Low,11.40,21,Alberquerque,D+7,NM-01,7,"3,385",0.1837,26.7,689.96,Mid,49.2,111429,High,3,66.8,Majority White,White,0,8.7,18.5,0,94,High,1,530603,533172,537112,542184,546039,546905,548110,549598,551901,554499,557452,560385,564347,567250
87124,NM,Sandoval,35,44,High,Mid,54780,25,3/23/2020,Low,13.87,76,Rio Rancho,D+8,NM-03,8,"9,025",0.1647,70.4,778.13,Mid,39.8,56502,Mid,11.3,49.3,No Majority,Mixed,0,0,41.2,0,90.5,Mid,1,189708,190352,191616,192840,194395,195696,197001,198326,200169,202110,204288,206982,209660,212457
87317,NM,Mckinley,35,44,High,Mid,1696,25,3/23/2020,High,701.65,119,Gamerco,D+8,NM-03,8,240,0.1415,23.4,72.48,Low,37,53063,Mid,25.6,4.7,Majority Hispanic,Hispanic,0,0,52.9,42.3,99.9,Low,4,165522,167340,168909,169397,169539,169666,170428,171866,172458,172714,173081,173806,174462,174999
87510,NM,Rio Arriba,35,44,High,Mid,738,25,3/23/2020,Low,13.55,1,Abiquiu,D+8,NM-03,8,330,0.4472,428.5,1.72,Low,43.8,NA,,NA,23.6,Mostly Hispanic,Hispanic,0,0,76.4,0,100,Low,10.5,169842,170457,171083,170984,171334,171900,172808,173074,172771,173158,173787,174848,175397,176017
87530,NM,Rio Arriba,35,44,High,Mid,1110,25,3/23/2020,Very Low,0.00,0,El Rito,D+8,NM-03,8,215,0.1937,141.2,7.86,Low,41.5,NA,,NA,1.9,Hispanic,Hispanic,0,0,98,0,99.9,Low,10.5,167341,168029,169137,169502,170344,170752,171627,172555,173307,173869,174369,175011,174881,174880
87531,NM,Rio Arriba,35,44,High,Mid,510,25,3/23/2020,Very Low,0.00,0,Embudo,D+8,NM-03,8,125,0.2451,35.7,14.29,Low,61.4,NA,,NA,20.2,Mostly Hispanic,Hispanic,0,0,79,0,99.2,Mid,4,189150,190682,192888,194746,196512,197477,199830,201960,205208,206445,207552,208348,209774,211360
88043,NM,Grant,35,44,High,Mid,1573,25,3/23/2020,Low,6.36,1,Hurley/N Hurley,R+6,NM-02,-6,325,0.2066,63.9,24.62,Low,39.1,37875,Very Low,13.8,24.6,Mostly Hispanic,Hispanic,0,0,73.6,0,98.2,Very Low,5,64782,65213,65891,66388,66907,67927,69216,70284,70857,71274,71635,72137,72218,72124
88061,NM,Grant,35,44,High,Mid,17768,25,3/23/2020,Low,5.63,10,Silver City,R+6,NM-02,-6,"3,325",0.1871,1429.1,12.43,Low,44.9,40515,Low,23.5,50.1,Majority White,White,0,0,46.1,0,96.2,Low,4,171289,172431,173312,174093,174711,175733,176713,177784,178604,179106,179674,180230,180867,181630
88063,NM,Dona Ana,35,44,High,Mid,13961,25,3/23/2020,Mid,85.95,120,Sunland Park,R+6,NM-02,-6,"1,480",0.1060,11.6,1203.53,High,30.1,24875,Very Low,40.3,2.4,Hispanic,Hispanic,0,0,97.4,0,99.8,Low,1,135218,136695,137696,137364,137054,136798,136169,136237,137228,138340,139846,140318,140063,139128
88065,NM,Grant,35,44,High,Mid,532,25,3/23/2020,Very Low,0.00,0,Tyrone,R+6,NM-02,-6,210,0.3947,1.4,380.00,Mid,34.5,49125,Low,16.7,62.4,Majority White,White,0,0,37.6,0,100,Low,4,119956,120959,120806,120477,119762,119552,119234,119265,119312,119780,120241,120735,120996,121541
88135,NM,Curry,35,44,High,Mid,1583,25,3/23/2020,Mid,82.12,13,Texico,D+8,NM-03,8,195,0.1232,169.6,9.33,Low,28.9,42786,Low,26.2,38.1,Majority Hispanic,Hispanic,6.4,0,53.5,0,98,Low,5,116136,116155,116562,117139,118229,118656,119068,119804,120331,120142,119683,119376,118926,119014
88345,NM,Lincoln,35,44,High,Mid,8418,25,3/23/2020,Very Low,1.19,1,Ruidoso,R+6,NM-02,-6,"1,315",0.1562,33,255.09,Mid,52.7,44623,Low,12.9,67.4,Majority White,White,0,0,28.6,1.5,97.5,Mid,7,218996,219391,219551,219104,217495,215008,213258,213177,213992,213860,213971,213564,213901,213966
88435,NM,Guadalupe,35,44,High,Mid,3787,25,3/23/2020,Mid,36.97,14,Santa Rosa,R+6,NM-02,-6,470,0.1241,1826.3,2.07,Low,38.7,28454,Very Low,15.5,21.1,Majority Hispanic,Hispanic,0,0,75.8,1.4,98.3,Low,7,133239,133220,133784,134344,135310,135746,136694,137534,139227,139802,140620,141209,141637,142111